Nama Produk,Merek,No Katalog,Satuan,Harga,Tanggal
IV CATHETER 20G BD,BD,BD-32544,BOX isi 50,286270.0,2026-08-15
Catheter 22G Terumo IV,Terumo,TER-9108,BOX isi 50,492540.0,2026-08-15
IV CATHETER 24G TERUMO,Terumo,TER-19907,BOX isi 50,518680.0,2026-08-15
SPUIT 3CC MEDISAFE,Medisafe,MED-42175,BOX isi 100,97750.0,2026-08-15
5cc OneMed Spuit,OneMed,,BOX isi 100,137700.0,2026-08-15
SARUNG TANGAN NITRILE S ONEMED,OneMed,ONE-60795,BOX isi 100,96810.0,2026-08-15
SARUNG TANGAN NITRILE M TERUMO,Terumo,,BOX isi 100,98950.0,2026-08-15
SARUNG TANGAN NITRILE L GEA,GEA,GEA-81074,BOX isi 100,81300.0,2026-08-15
KASA STERIL 10X10 B. BRAUN,B. Braun,,BOX isi 10,79910.0,2026-08-15
Set Anak B. Braun Infusion,B. Braun,BBR-90204,PCS,10580.0,2026-08-15
INFUSION SET MIKRO B. BRAUN,B. Braun,,PCS,6860.0,2026-08-15
BEDAH 3 PLY HIJAU TERUMO MASKER,Terumo,TER-75289,BOX isi 50,35600.0,2026-08-15
Catheter 12Fr B. Braun Foley,B. Braun,BBR-41875,PCS,25340.0,2026-08-15
URINE BAG 2000ML BD,BD,,PCS,6270.0,2026-08-15
Roll 2 inch B. Braun Plester,B. Braun,BBR-12112,PCS,21280.0,2026-08-15
NEEDLE HYPODERMIC 21G GEA,GEA,GEA-57875,BOX isi 100,72530.0,2026-08-15
Hypodermic 23G B. Braun Needle,B. Braun,BBR-23282,BOX isi 100,65270.0,2026-08-15
NEEDLE HYPODERMIC 25G MEDISAFE,Medisafe,MED-46928,BOX isi 100,65530.0,2026-08-15
THREE WAY STOPCOCK STANDARD TERUMO,Terumo,TER-70020,PCS,3750.0,2026-08-15
UNDERPAD 60X90 MEDISAFE,Medisafe,MED-3451,BOX isi 10,44870.0,2026-08-15
SUCTION CATHETER 10FR BD,BD,,PCS,2890.0,2026-08-15
SUCTION CATHETER 12FR MEDISAFE,Medisafe,MED-13811,PCS,2590.0,2026-08-15
SUCTION CATHETER 14FR B. BRAUN,B. Braun,,PCS,3290.0,2026-08-15
ALCOHOL SWAB STANDARD MEDISAFE,Medisafe,,BOX isi 100,24830.0,2026-08-15
BLOOD LANCET 28G B. BRAUN,B. Braun,BBR-64866,BOX isi 200,67340.0,2026-08-15
Lancet 30G BD Blood,BD,,BOX isi 200,83690.0,2026-08-15
Catheter 18G OneMed V2 IV,OneMed,,BOX isi 50,267920.0,2026-08-15
CATHETER 20G ONEMED V2 IV,OneMed,,BOX isi 50,526100.0,2026-08-15
Catheter 22G B. Braun V2 IV,B. Braun,,BOX isi 50,477900.0,2026-08-15
IV CATHETER 24G MEDISAFE V2,Medisafe,MED-8540,BOX isi 50,502880.0,2026-08-15
SPUIT 3CC ONEMED V2,OneMed,ONE-32252,BOX isi 100,187270.0,2026-08-15
SPUIT 10CC TERUMO V2,Terumo,,BOX isi 100,200570.0,2026-08-15
SPUIT 20CC BD V2,BD,BD-86210,BOX isi 100,234020.0,2026-08-15
SARUNG TANGAN NITRILE M TERUMO V2,Terumo,TER-98109,BOX isi 100,117460.0,2026-08-15
Tangan Nitrile L Terumo V2 Sarung,Terumo,TER-88889,BOX isi 100,98180.0,2026-08-15
STERIL 10X10 ONEMED V2 KASA,OneMed,ONE-86985,BOX isi 10,55960.0,2026-08-15
Set Dewasa GEA V2 Infusion,GEA,,PCS,12630.0,2026-08-15
SET MIKRO GEA V2 INFUSION,GEA,GEA-69649,PCS,11040.0,2026-08-15
Catheter 12Fr B. Braun V2 Foley,B. Braun,BBR-99076,PCS,14350.0,2026-08-15
FOLEY CATHETER 16FR B. BRAUN V2,B. Braun,BBR-90613,BOX isi 10,271250.0,2026-08-15
URINE BAG 2000ML TERUMO V2,Terumo,TER-89080,PCS,6700.0,2026-08-15
PLESTER ROLL 1 INCH B. BRAUN V2,B. Braun,,PCS,8480.0,2026-08-15
NEEDLE HYPODERMIC 25G B. BRAUN V2,B. Braun,BBR-44427,BOX isi 100,56150.0,2026-08-15
THREE WAY STOPCOCK STANDARD GEA V2,GEA,GEA-49787,PCS,2100.0,2026-08-15
THREE WAY STOPCOCK EXTENSION 10CM ONEMED V2,OneMed,ONE-7326,PCS,3770.0,2026-08-15
60x90 B. Braun V2 Underpad,B. Braun,BBR-53434,BOX isi 10,59530.0,2026-08-15
Catheter 10Fr GEA V2 Suction,GEA,,PCS,3150.0,2026-08-15
CATHETER 12FR BD V2 SUCTION,BD,,PCS,4210.0,2026-08-15
ALCOHOL SWAB STANDARD MEDISAFE V2,Medisafe,MED-59977,BOX isi 100,22540.0,2026-08-15
ECG ELECTRODE ADULT TERUMO V2,Terumo,,BOX isi 50,77620.0,2026-08-15
Electrode Pediatric Terumo V2 ECG,Terumo,TER-98758,BOX isi 50,104520.0,2026-08-15
Lancet 28G Terumo V2 Blood,Terumo,TER-17498,BOX isi 200,57650.0,2026-08-15
Lancet 30G Terumo V2 Blood,Terumo,TER-85645,BOX isi 200,67800.0,2026-08-15
Catheter 18G BD V3 IV,BD,,BOX isi 50,248510.0,2026-08-15
IV CATHETER 20G B. BRAUN V3,B. Braun,,BOX isi 50,430770.0,2026-08-15
Catheter 22G GEA V3 IV,GEA,,BOX isi 50,297820.0,2026-08-15
3CC MEDISAFE V3 SPUIT,Medisafe,,BOX isi 100,121230.0,2026-08-15
10cc BD V3 Spuit,BD,BD-11628,BOX isi 100,132050.0,2026-08-15
SPUIT 20CC BD V3,BD,,BOX isi 100,149510.0,2026-08-15
TANGAN NITRILE S ONEMED V3 SARUNG,OneMed,ONE-65971,BOX isi 100,109900.0,2026-08-15
Tangan Nitrile M BD V3 Sarung,BD,BD-39657,BOX isi 100,82840.0,2026-08-15
SARUNG TANGAN NITRILE L BD V3,BD,BD-78961,BOX isi 100,89740.0,2026-08-15
KASA STERIL 5X5 TERUMO V3,Terumo,TER-94042,BOX isi 10,83400.0,2026-08-15
KASA STERIL 10X10 GEA V3,GEA,,BOX isi 10,44470.0,2026-08-15
Steril 16x16 Terumo V3 Kasa,Terumo,TER-50005,BOX isi 10,43130.0,2026-08-15
Set Dewasa Terumo V3 Infusion,Terumo,TER-17214,PCS,7730.0,2026-08-15
MASKER BEDAH 3 PLY HIJAU TERUMO V3,Terumo,TER-9126,BOX isi 50,36120.0,2026-08-15
Catheter 12Fr OneMed V3 Foley,OneMed,,BOX isi 10,107780.0,2026-08-15
Bag 2000ml Terumo V3 Urine,Terumo,TER-28307,PCS,9730.0,2026-08-15
URINE BAG 1000ML BD V3,BD,BD-89356,PCS,5160.0,2026-08-15
PLESTER ROLL 2 INCH BD V3,BD,BD-76796,PCS,11610.0,2026-08-15
NEEDLE HYPODERMIC 21G GEA V3,GEA,GEA-5852,BOX isi 100,58520.0,2026-08-15
NEEDLE HYPODERMIC 25G TERUMO V3,Terumo,,BOX isi 100,47530.0,2026-08-15
Way Stopcock Extension 10cm BD V3 Three,BD,,PCS,5510.0,2026-08-15
60X60 BD V3 UNDERPAD,BD,,BOX isi 10,71180.0,2026-08-15
Catheter 10Fr B. Braun V3 Suction,B. Braun,,PCS,4440.0,2026-08-15
Catheter 12Fr B. Braun V3 Suction,B. Braun,BBR-48681,PCS,3390.0,2026-08-15
Catheter 14Fr BD V3 Suction,BD,BD-56542,PCS,4550.0,2026-08-15
Electrode Pediatric B. Braun V3 ECG,B. Braun,BBR-26865,BOX isi 50,80830.0,2026-08-15
BLOOD LANCET 30G MEDISAFE V3,Medisafe,MED-62991,BOX isi 200,54700.0,2026-08-15
IV CATHETER 18G MEDISAFE V4,Medisafe,,BOX isi 50,377900.0,2026-08-15
Catheter 20G OneMed V4 IV,OneMed,,BOX isi 50,328000.0,2026-08-15
Catheter 22G Medisafe V4 IV,Medisafe,MED-59561,BOX isi 50,326240.0,2026-08-15
CATHETER 24G MEDISAFE V4 IV,Medisafe,MED-82077,BOX isi 50,624320.0,2026-08-15
1CC B. BRAUN V4 SPUIT,B. Braun,,BOX isi 100,151570.0,2026-08-15
SPUIT 3CC TERUMO V4,Terumo,,BOX isi 100,168480.0,2026-08-15
5cc Medisafe V4 Spuit,Medisafe,MED-18850,BOX isi 100,146590.0,2026-08-15
SPUIT 10CC BD V4,BD,,BOX isi 100,123600.0,2026-08-15
TANGAN NITRILE S BD V4 SARUNG,BD,BD-35454,BOX isi 100,74110.0,2026-08-15
SARUNG TANGAN NITRILE L ONEMED V4,OneMed,ONE-48156,BOX isi 100,58640.0,2026-08-15
Steril 10x10 Medisafe V4 Kasa,Medisafe,MED-58970,BOX isi 10,50810.0,2026-08-15
KASA STERIL 16X16 ONEMED V4,OneMed,ONE-77791,BOX isi 10,84250.0,2026-08-15
Set Dewasa BD V4 Infusion,BD,BD-68197,PCS,7570.0,2026-08-15
INFUSION SET ANAK BD V4,BD,,PCS,14630.0,2026-08-15
INFUSION SET MIKRO MEDISAFE V4,Medisafe,MED-18527,PCS,9150.0,2026-08-15
Catheter 18Fr Medisafe V4 Foley,Medisafe,,PCS,18080.0,2026-08-15
URINE BAG 2000ML B. BRAUN V4,B. Braun,BBR-11548,PCS,8010.0,2026-08-15
URINE BAG 1000ML TERUMO V4,Terumo,,PCS,5250.0,2026-08-15
Roll 1 inch OneMed V4 Plester,OneMed,,PCS,12510.0,2026-08-15
ROLL 2 INCH TERUMO V4 PLESTER,Terumo,,PCS,22010.0,2026-08-15
Hypodermic 21G GEA V4 Needle,GEA,,BOX isi 100,91320.0,2026-08-15
HYPODERMIC 23G B. BRAUN V4 NEEDLE,B. Braun,BBR-4475,BOX isi 100,69370.0,2026-08-15
UNDERPAD 60X60 GEA V4,GEA,GEA-38665,BOX isi 10,31400.0,2026-08-15
60X90 ONEMED V4 UNDERPAD,OneMed,,BOX isi 10,41910.0,2026-08-15
SUCTION CATHETER 10FR ONEMED V4,OneMed,ONE-38702,PCS,4790.0,2026-08-15
CATHETER 12FR TERUMO V4 SUCTION,Terumo,TER-62465,PCS,2670.0,2026-08-15
SUCTION CATHETER 14FR GEA V4,GEA,,PCS,5040.0,2026-08-15
Swab Standard Terumo V4 Alcohol,Terumo,,BOX isi 100,23540.0,2026-08-15
ELECTRODE ADULT ONEMED V4 ECG,OneMed,ONE-22730,BOX isi 50,99170.0,2026-08-15
Lancet 30G B. Braun V4 Blood,B. Braun,BBR-99695,BOX isi 200,45340.0,2026-08-15
Catheter 18G OneMed V5 IV,OneMed,ONE-87782,BOX isi 50,398150.0,2026-08-15
IV CATHETER 24G BD V5,BD,BD-69443,BOX isi 50,596320.0,2026-08-15
SPUIT 1CC ONEMED V5,OneMed,ONE-22574,BOX isi 100,159410.0,2026-08-15
SPUIT 3CC ONEMED V5,OneMed,ONE-37805,BOX isi 100,115870.0,2026-08-15
5cc Terumo V5 Spuit,Terumo,,BOX isi 100,118010.0,2026-08-15
