Principal,ERP Code,Item Name,Brand,Catalog No. (REF),MOU_Qty/PO Unit,MOU_HNA/PO Unit (excl. PPN),MOU_Disc%
PT Medika Nusantara,MED000100,IV Catheter 18G B. Braun,B. Braun,BBR-13337,50,520000,0
PT Medika Nusantara,MED000101,IV Catheter 20G BD,BD,BD-32544,50,326800,0.1
PT Medika Nusantara,MED000102,IV Catheter 22G Terumo,Terumo,TER-9108,50,613400,0.2
PT Medika Nusantara,MED000103,IV CATHETER 24G TERUMO,Terumo,TER-19907,50,490300,0
PT Medika Nusantara,MED000104,SPUIT 1CC TERUMO,Terumo,TER-13770,100,166100,0.2
PT Medika Nusantara,MED000105,Spuit 3cc Medisafe,Medisafe,MED-42175,100,126600,0.2
PT Medika Nusantara,MED000106,Spuit 5cc OneMed,OneMed,ONE-32994,100,131100,0
PT Medika Nusantara,MED000107,Spuit 10cc OneMed,OneMed,ONE-10594,100,181600,0.05
PT Medika Nusantara,MED000108,SPUIT 20CC BD,BD,BD-88584,100,203000,0.1
PT Medika Nusantara,MED000109,Sarung Tangan Nitrile S OneMed,OneMed,ONE-60795,100,106800,0.15
PT Medika Nusantara,MED000110,Sarung Tangan Nitrile M Terumo,Terumo,TER-90291,100,109100,0.05
PT Medika Nusantara,MED000111,Sarung Tangan Nitrile L GEA,GEA,GEA-81074,100,84900,0.1
PT Medika Nusantara,MED000112,Kasa Steril 5x5 B. Braun,B. Braun,BBR-22805,10,58400,0.25
PT Medika Nusantara,MED000113,Kasa Steril 10x10 B. Braun,B. Braun,BBR-48024,10,78300,0.05
PT Medika Nusantara,MED000114,KASA STERIL 16X16 BD,BD,BD-31583,10,45500,0
PT Medika Nusantara,MED000115,Infusion Set Dewasa B. Braun,B. Braun,BBR-17448,1,11800,0.15
PT Medika Nusantara,MED000116,Infusion Set Anak B. Braun,B. Braun,BBR-90204,1,14600,0.25
PT Medika Nusantara,MED000117,Infusion Set Mikro B. Braun,B. Braun,BBR-25983,1,8500,0.2
PT Medika Nusantara,MED000118,MASKER BEDAH 3 PLY HIJAU TERUMO,Terumo,TER-75289,50,32800,0
PT Medika Nusantara,MED000119,MASKER BEDAH 3 PLY BIRU MEDISAFE,Medisafe,MED-46533,50,33700,0.2
PT Medika Nusantara,MED000120,Foley Catheter 12Fr B. Braun,B. Braun,BBR-41875,1,25100,0.1
PT Medika Nusantara,MED000121,Foley Catheter 14Fr Medisafe,Medisafe,MED-91448,1,12900,0.15
PT Medika Nusantara,MED000122,Foley Catheter 16Fr GEA,GEA,GEA-68947,10,234800,0.2
PT Medika Nusantara,MED000123,Foley Catheter 18Fr Medisafe,Medisafe,MED-30234,1,19400,0.15
PT Medika Nusantara,MED000124,Urine Bag 2000ml BD,BD,BD-27203,1,8300,0.2
PT Medika Nusantara,MED000126,PLESTER ROLL 1 INCH ONEMED,OneMed,ONE-26782,12,127100,0
PT Medika Nusantara,MED000127,Plester Roll 2 inch B. Braun,B. Braun,BBR-12112,1,18700,0.05
PT Medika Nusantara,MED000128,Needle Hypodermic 21G GEA,GEA,GEA-57875,100,73500,0.1
PT Medika Nusantara,MED000129,Needle Hypodermic 23G B. Braun,B. Braun,BBR-23282,100,58900,0
PT Medika Nusantara,MED000130,Needle Hypodermic 25G Medisafe,Medisafe,MED-46928,100,76700,0.1
PT Medika Nusantara,MED000131,Three Way Stopcock Standard Terumo,Terumo,TER-70020,1,5000,0.2
PT Medika Nusantara,MED000132,THREE WAY STOPCOCK EXTENSION 10CM BD,BD,BD-32527,1,2900,0
PT Medika Nusantara,MED000133,Underpad 60x60 BD,BD,BD-61052,10,40800,0.2
PT Medika Nusantara,MED000134,Underpad 60x90 Medisafe,Medisafe,MED-3451,10,43500,0
PT Medika Nusantara,MED000135,Suction Catheter 10Fr BD,BD,BD-73938,1,3000,0.15
PT Medika Nusantara,MED000136,SUCTION CATHETER 12FR MEDISAFE,Medisafe,MED-13811,1,2800,0
PT Medika Nusantara,MED000137,Suction Catheter 14Fr B. Braun,B. Braun,BBR-27136,1,3500,0.15
PT Medika Nusantara,MED000138,Alcohol Swab Standard Medisafe,Medisafe,MED-35025,100,34000,0.2
PT Medika Nusantara,MED000139,ECG ELECTRODE ADULT TERUMO,Terumo,TER-32541,50,92600,0.05
PT Medika Nusantara,MED000141,Blood Lancet 28G B. Braun,B. Braun,BBR-64866,200,59800,0
PT Medika Nusantara,MED000142,Blood Lancet 30G BD,BD,BD-56217,200,83600,0.15
PT Medika Nusantara,MED000143,IV Catheter 18G OneMed V2,OneMed,ONE-93163,50,321100,0.15
PT Medika Nusantara,MED000144,IV CATHETER 20G ONEMED V2,OneMed,ONE-30957,50,476400,0
PT Medika Nusantara,MED000145,IV Catheter 22G B. Braun V2,B. Braun,BBR-34896,50,582600,0.2
PT Medika Nusantara,MED000146,IV CATHETER 24G MEDISAFE V2,Medisafe,MED-8540,50,470800,0.05
PT Medika Nusantara,MED000147,SPUIT 1CC ONEMED V2,OneMed,ONE-35151,100,203500,0.2
PT Medika Nusantara,MED000148,Spuit 3cc OneMed V2,OneMed,ONE-32252,100,170300,0
PT Medika Nusantara,MED000149,SPUIT 5CC GEA V2,GEA,GEA-59417,100,137000,0.25
PT Medika Nusantara,MED000150,SPUIT 10CC TERUMO V2,Terumo,TER-97086,100,209400,0
PT Medika Nusantara,MED000151,Spuit 20cc BD V2,BD,BD-86210,100,203100,0
PT Medika Nusantara,MED000152,Sarung Tangan Nitrile S Medisafe V2,Medisafe,MED-45918,100,82400,0
PT Medika Nusantara,MED000153,SARUNG TANGAN NITRILE M TERUMO V2,Terumo,TER-98109,100,115700,0
PT Medika Nusantara,MED000154,Sarung Tangan Nitrile L Terumo V2,Terumo,TER-88889,100,104900,0.1
PT Medika Nusantara,MED000155,KASA STERIL 5X5 BD V2,BD,BD-44113,10,53300,0
PT Medika Nusantara,MED000156,KASA STERIL 10X10 ONEMED V2,OneMed,ONE-86985,10,58000,0.1
PT Medika Nusantara,MED000157,KASA STERIL 16X16 TERUMO V2,Terumo,TER-77913,10,53100,0
PT Medika Nusantara,MED000158,Infusion Set Dewasa GEA V2,GEA,GEA-52054,1,14600,0.25
PT Medika Nusantara,MED000159,Infusion Set Anak BD V2,BD,BD-6739,1,9900,0.15
PT Medika Nusantara,MED000160,INFUSION SET MIKRO GEA V2,GEA,GEA-69649,1,13100,0.15
PT Medika Nusantara,MED000161,Masker Bedah 3 Ply Hijau GEA V2,GEA,GEA-91875,50,38800,0.2
PT Medika Nusantara,MED000163,Foley Catheter 12Fr B. Braun V2,B. Braun,BBR-99076,1,15900,0.1
PT Medika Nusantara,MED000165,Foley Catheter 16Fr B. Braun V2,B. Braun,BBR-90613,10,232500,0
PT Medika Nusantara,MED000166,FOLEY CATHETER 18FR TERUMO V2,Terumo,TER-98414,1,20200,0.05
PT Medika Nusantara,MED000167,URINE BAG 2000ML TERUMO V2,Terumo,TER-89080,1,6700,0.1
PT Medika Nusantara,MED000168,Urine Bag 1000ml OneMed V2,OneMed,ONE-62124,1,7800,0.05
PT Medika Nusantara,MED000169,PLESTER ROLL 1 INCH B. BRAUN V2,B. Braun,BBR-67403,1,10000,0.1
PT Medika Nusantara,MED000170,PLESTER ROLL 2 INCH B. BRAUN V2,B. Braun,BBR-12836,12,142300,0
PT Medika Nusantara,MED000171,Needle Hypodermic 21G BD V2,BD,BD-15768,100,67300,0.2
PT Medika Nusantara,MED000172,Needle Hypodermic 23G B. Braun V2,B. Braun,BBR-90337,100,43000,0
PT Medika Nusantara,MED000173,NEEDLE HYPODERMIC 25G B. BRAUN V2,B. Braun,BBR-44427,100,56400,0.05
PT Medika Nusantara,MED000174,THREE WAY STOPCOCK STANDARD GEA V2,GEA,GEA-49787,1,2800,0.2
PT Medika Nusantara,MED000175,THREE WAY STOPCOCK EXTENSION 10CM ONEMED V2,OneMed,ONE-7326,1,5400,0.25
PT Medika Nusantara,MED000176,Underpad 60x60 GEA V2,GEA,GEA-58178,10,74500,0
PT Medika Nusantara,MED000177,Underpad 60x90 B. Braun V2,B. Braun,BBR-53434,10,72500,0.25
PT Medika Nusantara,MED000178,Suction Catheter 10Fr GEA V2,GEA,GEA-85474,1,3800,0.15
PT Medika Nusantara,MED000179,SUCTION CATHETER 12FR BD V2,BD,BD-34520,1,3900,0.05
PT Medika Nusantara,MED000180,SUCTION CATHETER 14FR B. BRAUN V2,B. Braun,BBR-85306,1,4100,0.1
PT Medika Nusantara,MED000181,Alcohol Swab Standard Medisafe V2,Medisafe,MED-59977,100,21400,0.05
PT Medika Nusantara,MED000182,ECG ELECTRODE ADULT TERUMO V2,Terumo,TER-32342,50,78100,0.15
PT Medika Nusantara,MED000183,ECG Electrode Pediatric Terumo V2,Terumo,TER-98758,50,116400,0.1
PT Medika Nusantara,MED000184,Blood Lancet 28G Terumo V2,Terumo,TER-17498,200,73400,0.15
PT Medika Nusantara,MED000185,Blood Lancet 30G Terumo V2,Terumo,TER-85645,200,62300,0
PT Medika Nusantara,MED000186,IV Catheter 18G BD V3,BD,BD-63032,50,325200,0.2
PT Medika Nusantara,MED000187,IV Catheter 20G B. Braun V3,B. Braun,BBR-62361,50,608000,0.25
PT Medika Nusantara,MED000188,IV Catheter 22G GEA V3,GEA,GEA-85849,50,349300,0.25
PT Medika Nusantara,MED000189,IV CATHETER 24G ONEMED V3,OneMed,ONE-84399,50,618200,0.2
PT Medika Nusantara,MED000190,SPUIT 1CC TERUMO V3,Terumo,TER-35194,100,136500,0.15
PT Medika Nusantara,MED000191,SPUIT 3CC MEDISAFE V3,Medisafe,MED-42465,100,136700,0.1
PT Medika Nusantara,MED000192,SPUIT 5CC MEDISAFE V3,Medisafe,MED-54976,100,129700,0
PT Medika Nusantara,MED000193,Spuit 10cc BD V3,BD,BD-11628,100,157300,0.2
PT Medika Nusantara,MED000194,Spuit 20cc BD V3,BD,BD-56123,100,156800,0.2
PT Medika Nusantara,MED000195,SARUNG TANGAN NITRILE S ONEMED V3,OneMed,ONE-65971,100,109600,0.15
PT Medika Nusantara,MED000196,Sarung Tangan Nitrile M BD V3,BD,BD-39657,100,92300,0.05
PT Medika Nusantara,MED000197,SARUNG TANGAN NITRILE L BD V3,BD,BD-78961,100,93600,0.2
PT Medika Nusantara,MED000198,Kasa Steril 5x5 Terumo V3,Terumo,TER-94042,10,82900,0
PT Medika Nusantara,MED000199,Kasa Steril 10x10 GEA V3,GEA,GEA-44154,10,46800,0
PT Medika Nusantara,MED000200,Kasa Steril 16x16 Terumo V3,Terumo,TER-50005,10,55100,0.2
PT Medika Nusantara,MED000201,Infusion Set Dewasa Terumo V3,Terumo,TER-17214,1,8300,0
PT Medika Nusantara,MED000203,Infusion Set Mikro BD V3,BD,BD-4969,1,10200,0.2
PT Medika Nusantara,MED000204,MASKER BEDAH 3 PLY HIJAU TERUMO V3,Terumo,TER-9126,50,33700,0.1
PT Medika Nusantara,MED000205,MASKER BEDAH 3 PLY BIRU ONEMED V3,OneMed,ONE-98837,50,31200,0.15
PT Medika Nusantara,MED000206,Foley Catheter 12Fr OneMed V3,OneMed,ONE-84097,10,126500,0.25
PT Medika Nusantara,MED000208,FOLEY CATHETER 16FR GEA V3,GEA,GEA-42883,10,223400,0.15
PT Medika Nusantara,MED000209,FOLEY CATHETER 18FR MEDISAFE V3,Medisafe,MED-54445,1,15100,0.25
PT Medika Nusantara,MED000210,Urine Bag 2000ml Terumo V3,Terumo,TER-28307,1,9000,0.05
PT Medika Nusantara,MED000211,Urine Bag 1000ml BD V3,BD,BD-89356,1,5600,0.1
PT Medika Nusantara,MED000212,PLESTER ROLL 1 INCH ONEMED V3,OneMed,ONE-34299,1,12700,0.15
PT Medika Nusantara,MED000213,PLESTER ROLL 2 INCH BD V3,BD,BD-76796,1,12200,0
PT Medika Nusantara,MED000214,Needle Hypodermic 21G GEA V3,GEA,GEA-5852,100,76000,0.2
PT Medika Nusantara,MED000215,Needle Hypodermic 23G B. Braun V3,B. Braun,BBR-31525,100,80400,0
PT Medika Nusantara,MED000216,NEEDLE HYPODERMIC 25G TERUMO V3,Terumo,TER-80041,100,57600,0.25
PT Medika Nusantara,MED000217,Three Way Stopcock Standard Terumo V3,Terumo,TER-29527,1,4600,0.2
PT Medika Nusantara,MED000218,Three Way Stopcock Extension 10cm BD V3,BD,BD-86412,1,5600,0
PT Medika Nusantara,MED000219,UNDERPAD 60X60 BD V3,BD,BD-65962,10,62400,0
PT Medika Nusantara,MED000220,Underpad 60x90 B. Braun V3,B. Braun,BBR-12947,10,64100,0
PT Medika Nusantara,MED000221,Suction Catheter 10Fr B. Braun V3,B. Braun,BBR-7731,1,5300,0.2
PT Medika Nusantara,MED000222,Suction Catheter 12Fr B. Braun V3,B. Braun,BBR-48681,1,3800,0.25
PT Medika Nusantara,MED000223,Suction Catheter 14Fr BD V3,BD,BD-56542,1,5200,0.1
PT Medika Nusantara,MED000224,ALCOHOL SWAB STANDARD BD V3,BD,BD-52998,100,17800,0.15
PT Medika Nusantara,MED000225,ECG Electrode Adult GEA V3,GEA,GEA-22209,50,100000,0
PT Medika Nusantara,MED000226,ECG Electrode Pediatric B. Braun V3,B. Braun,BBR-26865,50,99100,0.25
PT Medika Nusantara,MED000227,Blood Lancet 28G B. Braun V3,B. Braun,BBR-51842,200,64400,0.15
PT Medika Nusantara,MED000228,BLOOD LANCET 30G MEDISAFE V3,Medisafe,MED-62991,200,68800,0.25
PT Medika Nusantara,MED000229,IV CATHETER 18G MEDISAFE V4,Medisafe,MED-33382,50,364300,0.05
PT Medika Nusantara,MED000230,IV Catheter 20G OneMed V4,OneMed,ONE-83187,50,352100,0.15
PT Medika Nusantara,MED000231,IV Catheter 22G Medisafe V4,Medisafe,MED-59561,50,393500,0.1
PT Medika Nusantara,MED000232,IV CATHETER 24G MEDISAFE V4,Medisafe,MED-82077,50,625600,0.1
PT Medika Nusantara,MED000233,SPUIT 1CC B. BRAUN V4,B. Braun,BBR-57439,100,147000,0
PT Medika Nusantara,MED000234,Spuit 3cc Terumo V4,Terumo,TER-42120,100,171800,0
PT Medika Nusantara,MED000235,Spuit 5cc Medisafe V4,Medisafe,MED-18850,100,199000,0.2
PT Medika Nusantara,MED000236,SPUIT 10CC BD V4,BD,BD-22641,100,118800,0.1
PT Medika Nusantara,MED000237,Spuit 20cc Terumo V4,Terumo,TER-21809,100,192500,0.15
PT Medika Nusantara,MED000238,SARUNG TANGAN NITRILE S BD V4,BD,BD-35454,100,79000,0.1
PT Medika Nusantara,MED000239,SARUNG TANGAN NITRILE M TERUMO V4,Terumo,TER-37463,100,75500,0.1
PT Medika Nusantara,MED000240,SARUNG TANGAN NITRILE L ONEMED V4,OneMed,ONE-48156,100,70200,0.15
PT Medika Nusantara,MED000241,Kasa Steril 5x5 OneMed V4,OneMed,ONE-97721,10,83700,0.2
PT Medika Nusantara,MED000242,Kasa Steril 10x10 Medisafe V4,Medisafe,MED-58970,10,48100,0.05
PT Medika Nusantara,MED000243,Kasa Steril 16x16 OneMed V4,OneMed,ONE-77791,10,76400,0.05
PT Medika Nusantara,MED000244,Infusion Set Dewasa BD V4,BD,BD-68197,1,9900,0.2
PT Medika Nusantara,MED000245,INFUSION SET ANAK BD V4,BD,BD-1342,1,12400,0
PT Medika Nusantara,MED000246,Infusion Set Mikro Medisafe V4,Medisafe,MED-18527,1,9400,0.15
PT Medika Nusantara,MED000247,MASKER BEDAH 3 PLY HIJAU BD V4,BD,BD-20570,50,27800,0.25
PT Medika Nusantara,MED000248,Masker Bedah 3 Ply Biru GEA V4,GEA,GEA-2506,50,43700,0.1
PT Medika Nusantara,MED000249,Foley Catheter 12Fr Medisafe V4,Medisafe,MED-22639,10,244100,0.2
PT Medika Nusantara,MED000250,FOLEY CATHETER 14FR BD V4,BD,BD-81299,1,13300,0.25
PT Medika Nusantara,MED000251,Foley Catheter 16Fr B. Braun V4,B. Braun,BBR-85881,1,15100,0.15
PT Medika Nusantara,MED000252,Foley Catheter 18Fr Medisafe V4,Medisafe,MED-95936,1,16500,0.05
PT Medika Nusantara,MED000253,Urine Bag 2000ml B. Braun V4,B. Braun,BBR-11548,1,8400,0.2
PT Medika Nusantara,MED000254,URINE BAG 1000ML TERUMO V4,Terumo,TER-44976,1,5700,0.2
PT Medika Nusantara,MED000255,Plester Roll 1 inch OneMed V4,OneMed,ONE-69582,1,16000,0.2
PT Medika Nusantara,MED000256,PLESTER ROLL 2 INCH TERUMO V4,Terumo,TER-31947,1,18400,0
PT Medika Nusantara,MED000257,Needle Hypodermic 21G GEA V4,GEA,GEA-44064,100,80400,0
PT Medika Nusantara,MED000258,NEEDLE HYPODERMIC 23G B. BRAUN V4,B. Braun,BBR-4475,100,77300,0.2
PT Medika Nusantara,MED000259,NEEDLE HYPODERMIC 25G BD V4,BD,BD-23484,100,58400,0.15
PT Medika Nusantara,MED000262,Underpad 60x60 GEA V4,GEA,GEA-38665,10,41900,0.25
PT Medika Nusantara,MED000263,UNDERPAD 60X90 ONEMED V4,OneMed,ONE-46993,10,50800,0.1
PT Medika Nusantara,MED000264,Suction Catheter 10Fr OneMed V4,OneMed,ONE-38702,1,4700,0.15
PT Medika Nusantara,MED000265,SUCTION CATHETER 12FR TERUMO V4,Terumo,TER-62465,1,3800,0.25
PT Medika Nusantara,MED000266,Suction Catheter 14Fr GEA V4,GEA,GEA-38632,1,5000,0
PT Medika Nusantara,MED000267,Alcohol Swab Standard Terumo V4,Terumo,TER-25185,100,23600,0
PT Medika Nusantara,MED000268,ECG ELECTRODE ADULT ONEMED V4,OneMed,ONE-22730,50,120700,0.2
PT Medika Nusantara,MED000269,ECG Electrode Pediatric B. Braun V4,B. Braun,BBR-14704,50,118900,0.2
PT Medika Nusantara,MED000270,BLOOD LANCET 28G B. BRAUN V4,B. Braun,BBR-85654,200,92700,0.2
PT Medika Nusantara,MED000271,Blood Lancet 30G B. Braun V4,B. Braun,BBR-99695,200,55200,0.15
PT Medika Nusantara,MED000272,IV Catheter 18G OneMed V5,OneMed,ONE-87782,50,479300,0.25
PT Medika Nusantara,MED000273,IV Catheter 20G B. Braun V5,B. Braun,BBR-17522,50,532100,0.05
PT Medika Nusantara,MED000274,IV Catheter 22G BD V5,BD,BD-93165,50,474900,0.05
PT Medika Nusantara,MED000275,IV Catheter 24G BD V5,BD,BD-69443,50,622100,0.2
PT Medika Nusantara,MED000276,Spuit 1cc OneMed V5,OneMed,ONE-22574,100,207400,0.2
PT Medika Nusantara,MED000277,Spuit 3cc OneMed V5,OneMed,ONE-37805,100,125600,0.2
PT Medika Nusantara,MED000278,Spuit 5cc Terumo V5,Terumo,TER-30157,100,146900,0.25
PT Farmasi Sejahtera,OBT000330,Ceftriaxone 1g Inj Dexa,Dexa,DEX-38845,1,11000,0
PT Farmasi Sejahtera,OBT000331,Omeprazole 40mg Inj Sanbe,Sanbe,SAN-32277,10,258400,0
PT Farmasi Sejahtera,OBT000332,Omeprazole 20mg Cap Sanbe,Sanbe,SAN-79969,1,29400,0.1
PT Farmasi Sejahtera,OBT000333,PARACETAMOL 500MG TAB HEXPHARM,Hexpharm,HEX-67532,1,500,0.2
PT Farmasi Sejahtera,OBT000334,PARACETAMOL 1G/100ML INF NOVELL,Novell,NOV-34552,1,600,0
PT Farmasi Sejahtera,OBT000335,ONDANSETRON 4MG/2ML AMP DEXA,Dexa,DEX-40458,1,11400,0.05
PT Farmasi Sejahtera,OBT000336,ONDANSETRON 8MG/4ML AMP KALBE,Kalbe,KAL-81877,5,78000,0.2
PT Farmasi Sejahtera,OBT000337,RANITIDINE 50MG/2ML AMP NOVELL,Novell,NOV-61305,10,57300,0.25
PT Farmasi Sejahtera,OBT000338,Ketorolac 30mg/ml Amp Hexpharm,Hexpharm,HEX-85730,10,66000,0
PT Farmasi Sejahtera,OBT000339,MEROPENEM 1G INJ NOVELL,Novell,NOV-61854,1,85500,0.05
PT Farmasi Sejahtera,OBT000340,Amlodipine 5mg Tab Kalbe,Kalbe,KAL-47870,10,6800,0.15
PT Farmasi Sejahtera,OBT000341,Amlodipine 10mg Tab Kalbe,Kalbe,KAL-79892,10,5800,0.15
PT Farmasi Sejahtera,OBT000342,Metformin 500mg Tab Hexpharm,Hexpharm,HEX-85585,10,3700,0
PT Farmasi Sejahtera,OBT000343,METFORMIN 850MG TAB HEXPHARM,Hexpharm,HEX-74038,10,3600,0
PT Farmasi Sejahtera,OBT000344,Dexamethasone 5mg/ml Amp Dexa,Dexa,DEX-94166,10,43000,0
PT Farmasi Sejahtera,OBT000345,Furosemide 20mg/2ml Amp Kalbe,Kalbe,KAL-48202,5,18800,0.15
PT Farmasi Sejahtera,OBT000346,Furosemide 40mg Tab Hexpharm,Hexpharm,HEX-43789,5,18200,0
PT Farmasi Sejahtera,OBT000347,Ringer Laktat 500ml Novell,Novell,NOV-71670,1,9900,0.1
PT Farmasi Sejahtera,OBT000348,NaCl 0.9% 500ml Sanbe,Sanbe,SAN-63714,1,9300,0
PT Farmasi Sejahtera,OBT000349,NACL 0.9% 100ML KALBE,Kalbe,KAL-43037,1,6100,0.1
PT Farmasi Sejahtera,OBT000350,Ceftriaxone 1g Inj Hexpharm V2,Hexpharm,HEX-17894,1,10500,0
PT Farmasi Sejahtera,OBT000351,Omeprazole 40mg Inj Hexpharm V2,Hexpharm,HEX-65549,1,31800,0.25
PT Farmasi Sejahtera,OBT000352,Omeprazole 20mg Cap Kalbe V2,Kalbe,KAL-86694,10,219900,0.15
PT Farmasi Sejahtera,OBT000353,Paracetamol 500mg Tab Sanbe V2,Sanbe,SAN-80292,10,4500,0
PT Farmasi Sejahtera,OBT000355,Ondansetron 4mg/2ml Amp Novell V2,Novell,NOV-10149,1,12100,0.15
PT Farmasi Sejahtera,OBT000356,Ondansetron 8mg/4ml Amp Sanbe V2,Sanbe,SAN-45528,5,43000,0.15
PT Farmasi Sejahtera,OBT000357,Ranitidine 50mg/2ml Amp Kalbe V2,Kalbe,KAL-17010,10,57100,0
PT Farmasi Sejahtera,OBT000358,Ketorolac 30mg/ml Amp Hexpharm V2,Hexpharm,HEX-91769,10,97400,0
PT Farmasi Sejahtera,OBT000360,Amlodipine 5mg Tab Hexpharm V2,Hexpharm,HEX-65512,10,6900,0.2
PT Farmasi Sejahtera,OBT000361,AMLODIPINE 10MG TAB DEXA V2,Dexa,DEX-74552,10,6600,0
PT Farmasi Sejahtera,OBT000362,METFORMIN 500MG TAB SANBE V2,Sanbe,SAN-47367,10,3800,0.25
PT Farmasi Sejahtera,OBT000363,Metformin 850mg Tab Sanbe V2,Sanbe,SAN-27208,10,2200,0.1
PT Farmasi Sejahtera,OBT000364,Dexamethasone 5mg/ml Amp Sanbe V2,Sanbe,SAN-70849,10,48800,0.05
PT Farmasi Sejahtera,OBT000365,FUROSEMIDE 20MG/2ML AMP HEXPHARM V2,Hexpharm,HEX-70412,10,35500,0
PT Farmasi Sejahtera,OBT000366,Furosemide 40mg Tab Kalbe V2,Kalbe,KAL-93348,10,22200,0
PT Farmasi Sejahtera,OBT000367,Ringer Laktat 500ml Kalbe V2,Kalbe,KAL-43838,20,221200,0.1
PT Farmasi Sejahtera,OBT000368,NaCl 0.9% 500ml Kalbe V2,Kalbe,KAL-72901,1,10900,0
PT Farmasi Sejahtera,OBT000369,NaCl 0.9% 100ml Kalbe V2,Kalbe,KAL-40337,1,7500,0.25
PT Farmasi Sejahtera,OBT000370,Ceftriaxone 1g Inj Sanbe V3,Sanbe,SAN-93816,1,12600,0.1
PT Farmasi Sejahtera,OBT000371,Omeprazole 40mg Inj Hexpharm V3,Hexpharm,HEX-39770,10,289200,0.1
PT Farmasi Sejahtera,OBT000372,Omeprazole 20mg Cap Hexpharm V3,Hexpharm,HEX-31647,1,20700,0.2
PT Farmasi Sejahtera,OBT000373,Paracetamol 500mg Tab Dexa V3,Dexa,DEX-76814,10,4600,0.2
PT Farmasi Sejahtera,OBT000374,Paracetamol 1g/100ml Inf Novell V3,Novell,NOV-72292,10,4500,0.15
PT Farmasi Sejahtera,OBT000375,ONDANSETRON 4MG/2ML AMP NOVELL V3,Novell,NOV-10726,1,16300,0.05
PT Farmasi Sejahtera,OBT000376,ONDANSETRON 8MG/4ML AMP HEXPHARM V3,Hexpharm,HEX-17853,1,16700,0
PT Farmasi Sejahtera,OBT000377,Ranitidine 50mg/2ml Amp Dexa V3,Dexa,DEX-26159,10,77200,0
PT Farmasi Sejahtera,OBT000378,Ketorolac 30mg/ml Amp Dexa V3,Dexa,DEX-65655,10,74800,0
PT Farmasi Sejahtera,OBT000379,MEROPENEM 1G INJ HEXPHARM V3,Hexpharm,HEX-76599,1,132900,0.25
PT Farmasi Sejahtera,OBT000380,Amlodipine 5mg Tab Dexa V3,Dexa,DEX-43681,10,7700,0
PT Farmasi Sejahtera,OBT000381,AMLODIPINE 10MG TAB DEXA V3,Dexa,DEX-19130,30,22700,0
PT Farmasi Sejahtera,OBT000382,Metformin 500mg Tab Hexpharm V3,Hexpharm,HEX-5893,10,3100,0.1
PT Farmasi Sejahtera,OBT000383,Metformin 850mg Tab Novell V3,Novell,NOV-6878,10,4000,0.15
PT Farmasi Sejahtera,OBT000384,DEXAMETHASONE 5MG/ML AMP HEXPHARM V3,Hexpharm,HEX-5352,10,25800,0.2
PT Farmasi Sejahtera,OBT000385,Furosemide 20mg/2ml Amp Hexpharm V3,Hexpharm,HEX-69436,5,11700,0.15
PT Farmasi Sejahtera,OBT000387,RINGER LAKTAT 500ML DEXA V3,Dexa,DEX-91418,20,131400,0.1
PT Farmasi Sejahtera,OBT000388,NACL 0.9% 500ML HEXPHARM V3,Hexpharm,HEX-49378,1,7300,0.2
PT Farmasi Sejahtera,OBT000389,NaCl 0.9% 100ml Novell V3,Novell,NOV-45328,1,10700,0
PT Farmasi Sejahtera,OBT000390,Ceftriaxone 1g Inj Hexpharm V4,Hexpharm,HEX-39219,10,119800,0.1
PT Farmasi Sejahtera,OBT000391,Omeprazole 40mg Inj Kalbe V4,Kalbe,KAL-13756,1,34600,0
PT Farmasi Sejahtera,OBT000392,Omeprazole 20mg Cap Hexpharm V4,Hexpharm,HEX-89817,1,21400,0
PT Farmasi Sejahtera,OBT000393,Paracetamol 500mg Tab Hexpharm V4,Hexpharm,HEX-91440,10,4500,0
PT Farmasi Sejahtera,OBT000394,Paracetamol 1g/100ml Inf Kalbe V4,Kalbe,KAL-80994,1,500,0.05
PT Farmasi Sejahtera,OBT000395,ONDANSETRON 4MG/2ML AMP SANBE V4,Sanbe,SAN-19970,5,73500,0.25
PT Farmasi Sejahtera,OBT000396,ONDANSETRON 8MG/4ML AMP HEXPHARM V4,Hexpharm,HEX-55386,1,12700,0.2
PT Farmasi Sejahtera,OBT000397,Ranitidine 50mg/2ml Amp Kalbe V4,Kalbe,KAL-58030,10,59600,0
PT Farmasi Sejahtera,OBT000398,KETOROLAC 30MG/ML AMP KALBE V4,Kalbe,KAL-72535,10,63700,0.05
PT Farmasi Sejahtera,OBT000399,Meropenem 1g Inj Kalbe V4,Kalbe,KAL-12846,1,101300,0
PT Alkes Prima,MED000450,IV CATHETER 18G ONEMED,OneMed,ONE-32152,50,591500,0.05
PT Alkes Prima,MED000451,IV CATHETER 20G BD,BD,BD-15580,50,560400,0
PT Alkes Prima,MED000452,IV Catheter 22G GEA,GEA,GEA-53958,50,500600,0
PT Alkes Prima,MED000453,IV Catheter 24G OneMed,OneMed,ONE-29993,50,494900,0.15
PT Alkes Prima,MED000454,SPUIT 1CC B. BRAUN,B. Braun,BBR-6224,100,177600,0.25
PT Alkes Prima,MED000455,Spuit 3cc Medisafe,Medisafe,MED-45404,100,200300,0.2
PT Alkes Prima,MED000456,SPUIT 5CC ONEMED,OneMed,ONE-70819,100,149600,0.25
PT Alkes Prima,MED000457,Spuit 10cc B. Braun,B. Braun,BBR-75302,100,178000,0.1
PT Alkes Prima,MED000458,Spuit 20cc OneMed,OneMed,ONE-93431,100,177100,0.15
PT Alkes Prima,MED000459,SARUNG TANGAN NITRILE S GEA,GEA,GEA-6891,100,80700,0.2
PT Alkes Prima,MED000460,Sarung Tangan Nitrile M B. Braun,B. Braun,BBR-3440,100,72700,0.15
PT Alkes Prima,MED000461,Sarung Tangan Nitrile L Medisafe,Medisafe,MED-77615,100,73200,0
PT Alkes Prima,MED000462,Kasa Steril 5x5 OneMed,OneMed,ONE-45744,10,50700,0
PT Alkes Prima,MED000463,Kasa Steril 10x10 BD,BD,BD-29146,10,77100,0.1
PT Alkes Prima,MED000464,Kasa Steril 16x16 Medisafe,Medisafe,MED-28687,10,78300,0.2
PT Alkes Prima,MED000465,Infusion Set Dewasa OneMed,OneMed,ONE-60358,1,9500,0.15
PT Alkes Prima,MED000466,Infusion Set Anak GEA,GEA,GEA-53175,1,15200,0.2
PT Alkes Prima,MED000467,INFUSION SET MIKRO B. BRAUN,B. Braun,BBR-63446,1,9400,0.15
PT Alkes Prima,MED000468,Masker Bedah 3 Ply Hijau OneMed,OneMed,ONE-44022,50,40800,0.25
PT Alkes Prima,MED000469,MASKER BEDAH 3 PLY BIRU MEDISAFE,Medisafe,MED-54452,50,32900,0.2
PT Alkes Prima,MED000470,Foley Catheter 12Fr GEA,GEA,GEA-81096,10,172200,0.2
PT Alkes Prima,MED000471,Foley Catheter 14Fr Terumo,Terumo,TER-11332,1,18500,0.05
PT Alkes Prima,MED000472,Foley Catheter 16Fr B. Braun,B. Braun,BBR-29057,10,210400,0.1
PT Alkes Prima,MED000473,FOLEY CATHETER 18FR ONEMED,OneMed,ONE-9582,10,176300,0.05
PT Alkes Prima,MED000474,Urine Bag 2000ml Terumo,Terumo,TER-37977,1,5100,0.2
PT Alkes Prima,MED000476,Plester Roll 1 inch Medisafe,Medisafe,MED-28620,1,10700,0.25
PT Alkes Prima,MED000477,PLESTER ROLL 2 INCH BD,BD,BD-69259,1,16700,0.1
PT Alkes Prima,MED000478,Needle Hypodermic 21G OneMed,OneMed,ONE-39654,100,53500,0
PT Alkes Prima,MED000479,Needle Hypodermic 23G Medisafe,Medisafe,MED-81324,100,81100,0.25
PT Alkes Prima,MED000480,NEEDLE HYPODERMIC 25G TERUMO,Terumo,TER-89563,100,57900,0.2
PT Alkes Prima,MED000481,Three Way Stopcock Standard BD,BD,BD-87953,1,3000,0.1
PT Alkes Prima,MED000482,Three Way Stopcock Extension 10cm Medisafe,Medisafe,MED-95353,1,5000,0.15
PT Alkes Prima,MED000483,Underpad 60x60 Medisafe,Medisafe,MED-40797,10,72600,0.25
PT Alkes Prima,MED000484,UNDERPAD 60X90 ONEMED,OneMed,ONE-6621,10,66500,0.1
PT Alkes Prima,MED000485,SUCTION CATHETER 10FR TERUMO,Terumo,TER-38474,1,3100,0
PT Alkes Prima,MED000486,Suction Catheter 12Fr OneMed,OneMed,ONE-77000,1,4800,0.05
PT Alkes Prima,MED000487,SUCTION CATHETER 14FR BD,BD,BD-59260,1,3700,0.05
PT Alkes Prima,MED000489,ECG ELECTRODE ADULT MEDISAFE,Medisafe,MED-59615,50,116200,0.05
PT Alkes Prima,MED000490,ECG ELECTRODE PEDIATRIC ONEMED,OneMed,ONE-13857,50,82500,0.2
PT Alkes Prima,MED000491,Blood Lancet 28G GEA,GEA,GEA-28086,200,51700,0.15
PT Alkes Prima,MED000492,Blood Lancet 30G Medisafe,Medisafe,MED-42613,200,57400,0.15
PT Alkes Prima,MED000493,IV CATHETER 18G GEA V2,GEA,GEA-6323,50,355300,0.1
PT Alkes Prima,MED000494,IV Catheter 20G Medisafe V2,Medisafe,MED-74961,50,597200,0.2
PT Bio Diagnostik,MED000545,Glucose Reagent 4x50ml Roche,Roche,ROC-72643,1,628300,0
PT Bio Diagnostik,MED000546,Glucose Reagent 2x100ml Biosystems,Biosystems,BIO-81516,1,524400,0.2
PT Bio Diagnostik,MED000547,HbA1c Test Cartridge Roche,Roche,ROC-15397,10,971000,0
PT Bio Diagnostik,MED000548,Urinalysis Strip 10 Param Diasys,Diasys,DIA-27431,100,408100,0.05
PT Bio Diagnostik,MED000549,CRP LATEX 100 TEST ROCHE,Roche,ROC-39194,1,737000,0
PT Bio Diagnostik,MED000550,Blood Tube EDTA 3ml Biosystems,Biosystems,BIO-77790,100,142100,0.1
PT Bio Diagnostik,MED000551,Blood Tube EDTA 2ml Biosystems,Biosystems,BIO-37041,100,122900,0.15
PT Bio Diagnostik,MED000552,Blood Tube Serum 5ml Diasys,Diasys,DIA-40626,100,190300,0.25
PT Bio Diagnostik,MED000553,Glucose Reagent 4x50ml Diasys V2,Diasys,DIA-34338,1,427600,0.25
PT Bio Diagnostik,MED000554,GLUCOSE REAGENT 2X100ML BIOSYSTEMS V2,Biosystems,BIO-15125,1,614500,0.25
PT Bio Diagnostik,MED000555,HbA1c Test Cartridge Diasys V2,Diasys,DIA-3335,10,849900,0.15
PT Bio Diagnostik,MED000556,Urinalysis Strip 10 Param Roche V2,Roche,ROC-22731,100,286100,0.1
PT Bio Diagnostik,MED000557,CRP Latex 100 test Roche V2,Roche,ROC-69145,1,790300,0
PT Bio Diagnostik,MED000559,Blood Tube EDTA 2ml Biosystems V2,Biosystems,BIO-67350,100,141500,0.1
PT Bio Diagnostik,MED000560,BLOOD TUBE SERUM 5ML ROCHE V2,Roche,ROC-93205,100,261800,0.2
PT Bio Diagnostik,MED000561,GLUCOSE REAGENT 4X50ML SYSMEX V3,Sysmex,SYS-69825,1,522300,0
PT Bio Diagnostik,MED000562,GLUCOSE REAGENT 2X100ML SYSMEX V3,Sysmex,SYS-83879,1,370000,0.15
PT Bio Diagnostik,MED000563,HbA1c Test Cartridge Sysmex V3,Sysmex,SYS-35931,10,1048500,0.2
PT Bio Diagnostik,MED000564,URINALYSIS STRIP 10 PARAM BIOSYSTEMS V3,Biosystems,BIO-72284,100,293800,0
PT Bio Diagnostik,MED000565,CRP Latex 100 test Roche V3,Roche,ROC-22954,1,629300,0.15
PT Bio Diagnostik,MED000566,BLOOD TUBE EDTA 3ML ROCHE V3,Roche,ROC-74858,100,200300,0
PT Bio Diagnostik,MED000567,Blood Tube EDTA 2ml Roche V3,Roche,ROC-68202,100,199200,0.25
PT Bio Diagnostik,MED000568,BLOOD TUBE SERUM 5ML DIASYS V3,Diasys,DIA-15060,100,254500,0
PT Bio Diagnostik,MED000569,Glucose Reagent 4x50ml Biosystems V4,Biosystems,BIO-4303,1,617900,0
PT Bio Diagnostik,MED000570,GLUCOSE REAGENT 2X100ML BIOSYSTEMS V4,Biosystems,BIO-65303,1,431900,0.25
PT Bio Diagnostik,MED000571,HBA1C TEST CARTRIDGE SYSMEX V4,Sysmex,SYS-25364,10,974400,0.1
PT Bio Diagnostik,MED000572,Urinalysis Strip 10 Param Diasys V4,Diasys,DIA-62761,100,343700,0.05
PT Bio Diagnostik,MED000573,CRP Latex 100 test Roche V4,Roche,ROC-55731,1,659700,0
PT Bio Diagnostik,MED000574,BLOOD TUBE EDTA 3ML DIASYS V4,Diasys,DIA-22363,100,196600,0.1
PT Sarana Steril,MED000625,IV Catheter 18G BD,BD,BD-4766,50,355600,0.1
PT Sarana Steril,MED000626,IV Catheter 20G Terumo,Terumo,TER-71539,50,527700,0.1
PT Sarana Steril,MED000627,IV Catheter 22G B. Braun,B. Braun,BBR-10942,50,317200,0.15
PT Sarana Steril,MED000628,IV Catheter 24G Medisafe,Medisafe,MED-40835,50,355200,0.25
PT Sarana Steril,MED000629,Spuit 1cc B. Braun,B. Braun,BBR-46775,100,110300,0
PT Sarana Steril,MED000631,Spuit 5cc GEA,GEA,GEA-91327,100,206500,0.2
PT Sarana Steril,MED000632,Spuit 10cc BD,BD,BD-1941,100,112400,0.15
PT Sarana Steril,MED000633,SPUIT 20CC TERUMO,Terumo,TER-71778,100,207800,0.15
PT Sarana Steril,MED000634,SARUNG TANGAN NITRILE S TERUMO,Terumo,TER-30342,100,121000,0.25
PT Sarana Steril,MED000635,Sarung Tangan Nitrile M BD,BD,BD-36051,100,104600,0.05
PT Sarana Steril,MED000636,SARUNG TANGAN NITRILE L TERUMO,Terumo,TER-21846,100,123000,0.25
PT Sarana Steril,MED000637,Kasa Steril 5x5 Medisafe,Medisafe,MED-62694,10,52200,0
PT Sarana Steril,MED000638,Kasa Steril 10x10 Terumo,Terumo,TER-54437,10,57900,0.1
PT Sarana Steril,MED000639,Kasa Steril 16x16 GEA,GEA,GEA-62362,10,55900,0.05
PT Sarana Steril,MED000641,Infusion Set Anak GEA,GEA,GEA-8327,1,14900,0.25
PT Sarana Steril,MED000642,INFUSION SET MIKRO B. BRAUN,B. Braun,BBR-20931,1,11600,0.05
PT Sarana Steril,MED000643,MASKER BEDAH 3 PLY HIJAU B. BRAUN,B. Braun,BBR-42451,50,35500,0.05
PT Sarana Steril,MED000644,Masker Bedah 3 Ply Biru Medisafe,Medisafe,MED-53781,50,33900,0.2
PT Sarana Steril,MED000645,Foley Catheter 12Fr Medisafe,Medisafe,MED-74956,1,23100,0
PT Sarana Steril,MED000646,Foley Catheter 14Fr B. Braun,B. Braun,BBR-86172,1,17200,0.1
PT Sarana Steril,MED000647,Foley Catheter 16Fr Medisafe,Medisafe,MED-46546,1,18100,0
PT Sarana Steril,MED000648,Foley Catheter 18Fr B. Braun,B. Braun,BBR-64929,10,224600,0.1
PT Sarana Steril,MED000649,Urine Bag 2000ml BD,BD,BD-88619,1,8800,0.25
PT Sarana Steril,MED000650,Urine Bag 1000ml OneMed,OneMed,ONE-95635,1,8600,0.05
PT Sarana Steril,MED000651,Plester Roll 1 inch BD,BD,BD-53688,1,17500,0.2
PT Sarana Steril,MED000652,PLESTER ROLL 2 INCH ONEMED,OneMed,ONE-92968,1,12800,0.25
PT Sarana Steril,MED000653,NEEDLE HYPODERMIC 21G GEA,GEA,GEA-14730,100,52200,0.05
PT Sarana Steril,MED000654,Needle Hypodermic 23G GEA,GEA,GEA-3837,100,56100,0.05
PT Sarana Steril,MED000655,Needle Hypodermic 25G Medisafe,Medisafe,MED-73603,100,63800,0.15
PT Sarana Steril,MED000656,Three Way Stopcock Standard Medisafe,Medisafe,MED-8115,50,164200,0.15
PT Sarana Steril,MED000657,Three Way Stopcock Extension 10cm Terumo,Terumo,TER-83446,50,240700,0
PT Sarana Steril,MED000658,Underpad 60x60 GEA,GEA,GEA-86066,10,49000,0
PT Sarana Steril,MED000659,Underpad 60x90 BD,BD,BD-26899,10,68500,0.05
PT Sarana Steril,MED000660,SUCTION CATHETER 10FR TERUMO,Terumo,TER-31457,1,3400,0.05
PT Sarana Steril,MED000661,Suction Catheter 12Fr BD,BD,BD-84329,1,3600,0
PT Sarana Steril,MED000662,Suction Catheter 14Fr BD,BD,BD-1863,1,3700,0.15
PT Sarana Steril,MED000663,ALCOHOL SWAB STANDARD GEA,GEA,GEA-61568,100,33500,0.15
PT Sarana Steril,MED000664,ECG ELECTRODE ADULT BD,BD,BD-59148,50,84200,0
PT Global Infus,MED000715,IV Catheter 18G OneMed,OneMed,ONE-78333,50,591700,0
PT Global Infus,MED000716,IV Catheter 20G Medisafe,Medisafe,MED-48302,50,468800,0.05
PT Global Infus,MED000717,IV Catheter 22G GEA,GEA,GEA-99713,50,546300,0.25
PT Global Infus,MED000718,IV Catheter 24G Medisafe,Medisafe,MED-70242,50,399300,0
PT Global Infus,MED000719,Spuit 1cc Terumo,Terumo,TER-80791,100,146700,0.1
PT Global Infus,MED000721,Spuit 5cc OneMed,OneMed,ONE-87997,100,175400,0.2
PT Global Infus,MED000722,Spuit 10cc Medisafe,Medisafe,MED-9951,100,131600,0.25
PT Global Infus,MED000723,Spuit 20cc Medisafe,Medisafe,MED-1718,100,134200,0.25
PT Global Infus,MED000724,Sarung Tangan Nitrile S BD,BD,BD-17362,100,76400,0.2
PT Global Infus,MED000725,Sarung Tangan Nitrile M GEA,GEA,GEA-87665,100,121600,0.2
PT Global Infus,MED000726,Sarung Tangan Nitrile L BD,BD,BD-26848,100,94200,0.1
PT Global Infus,MED000727,KASA STERIL 5X5 B. BRAUN,B. Braun,BBR-55719,10,80000,0.2
PT Global Infus,MED000728,Kasa Steril 10x10 GEA,GEA,GEA-65371,10,44200,0
PT Global Infus,MED000729,KASA STERIL 16X16 ONEMED,OneMed,ONE-96987,10,49000,0
PT Global Infus,MED000730,Infusion Set Dewasa Medisafe,Medisafe,MED-64620,1,12100,0.15
PT Global Infus,MED000731,INFUSION SET ANAK B. BRAUN,B. Braun,BBR-98705,1,10500,0.25
PT Global Infus,MED000732,INFUSION SET MIKRO TERUMO,Terumo,TER-40920,1,10300,0.2
PT Global Infus,MED000733,Masker Bedah 3 Ply Hijau Medisafe,Medisafe,MED-24992,50,27400,0.05
PT Global Infus,MED000734,MASKER BEDAH 3 PLY BIRU B. BRAUN,B. Braun,BBR-3892,50,40100,0.25
PT Global Infus,MED000735,FOLEY CATHETER 12FR B. BRAUN,B. Braun,BBR-79627,10,162600,0.15
PT Global Infus,MED000736,Foley Catheter 14Fr Terumo,Terumo,TER-29997,10,179100,0.05
PT Global Infus,MED000737,Foley Catheter 16Fr Terumo,Terumo,TER-5525,1,24700,0.2
PT Global Infus,MED000738,FOLEY CATHETER 18FR BD,BD,BD-59698,10,147100,0.05
PT Global Infus,MED000739,Urine Bag 2000ml GEA,GEA,GEA-76147,1,7800,0.1
