month,index
2022-09,96.6184
2022-10,96.8957
2022-11,97.1739
2022-12,97.4529
2023-01,97.7327
2023-02,98.0133
2023-03,98.2946
2023-04,98.5768
2023-05,98.8598
2023-06,99.1437
2023-07,99.4283
2023-08,99.7137
2023-09,100.0
2023-10,100.2871
2023-11,100.575
2023-12,100.8637
2024-01,101.1533
2024-02,101.4437
2024-03,101.7349
2024-04,102.027
2024-05,102.3199
2024-06,102.6137
2024-07,102.9083
2024-08,103.2037
2024-09,103.5
2024-10,103.7971
2024-11,104.0951
2024-12,104.394
2025-01,104.6937
2025-02,104.9942
2025-03,105.2957
2025-04,105.598
2025-05,105.9011
2025-06,106.2052
2025-07,106.5101
2025-08,106.8158
2025-09,107.1225
2025-10,107.43
2025-11,107.7385
2025-12,108.0478
2026-01,108.358
2026-02,108.669
2026-03,108.981
2026-04,109.2939
2026-05,109.6077
2026-06,109.9223
2026-07,110.2379
2026-08,110.5544
2026-09,110.8718
2026-10,111.1901
2026-11,111.5093
2026-12,111.8294
2027-01,112.1505
2027-02,112.4725
2027-03,112.7954
2027-04,113.1192
2027-05,113.4439
2027-06,113.7696
2027-07,114.0962
2027-08,114.4238
